City_ID,City,Country,Date,Lat,Lng,Max Temp,Humidity,Cloudiness,Wind Speed
0,Punta Arenas,CL,2021-07-22 21:39:59,-53.15,-70.9167,39.31,81,40,2.3
1,Pevek,RU,2021-07-22 21:39:59,69.7008,170.3133,40.32,71,82,2.75
2,Almaznyy,RU,2021-07-22 21:40:00,48.0448,40.045,64.54,70,100,9.86
3,Narsaq,GL,2021-07-22 21:40:00,60.9167,-46.05,55.62,87,62,8.66
4,Fortuna,US,2021-07-22 21:40:00,40.5982,-124.1573,86.18,66,1,4.0
5,Tuktoyaktuk,CA,2021-07-22 21:40:01,69.4541,-133.0374,53.6,87,90,13.8
6,Wonthaggi,AU,2021-07-22 21:40:01,-38.6044,145.5913,47.71,86,98,10.8
7,Mataura,NZ,2021-07-22 21:40:02,-46.1927,168.8643,40.48,92,12,2.8
8,Cidreira,BR,2021-07-22 21:40:04,-30.1811,-50.2056,58.66,83,3,14.36
9,New Norfolk,AU,2021-07-22 21:40:05,-42.7826,147.0587,49.91,71,87,3.0
10,Bredasdorp,ZA,2021-07-22 21:40:06,-34.5322,20.0403,42.12,93,22,3.44
11,Ushuaia,AR,2021-07-22 21:36:53,-54.8,-68.3,42.46,65,40,5.75
12,Albany,US,2021-07-22 21:40:07,42.6001,-73.9662,77.65,55,99,1.01
13,Hithadhoo,MV,2021-07-22 21:40:07,-0.6,73.0833,79.54,82,100,10.27
14,Ust-Kuyga,RU,2021-07-22 21:40:08,70.0167,135.6,56.52,63,94,4.97
15,Kapaa,US,2021-07-22 21:40:08,22.0752,-159.319,82.72,76,75,5.01
16,Bengkulu,ID,2021-07-22 21:40:08,-3.8004,102.2655,74.88,86,55,4.14
17,Geraldton,AU,2021-07-22 21:40:09,-28.7667,114.6,54.01,94,90,10.36
18,Biankouma,CI,2021-07-22 21:40:09,7.7391,-7.6138,70.2,97,100,2.89
19,Cape Town,ZA,2021-07-22 21:40:10,-33.9258,18.4232,48.61,63,0,13.8
20,Viedma,AR,2021-07-22 21:40:10,-40.8135,-62.9967,57.85,33,90,9.28
21,Port Alfred,ZA,2021-07-22 21:39:40,-33.5906,26.891,52.27,69,96,22.64
22,Harpanahalli,IN,2021-07-22 21:40:11,14.8,75.9833,69.33,89,100,22.7
23,Oussouye,SN,2021-07-22 21:40:11,12.485,-16.5469,84.38,79,45,10.33
24,Arraial Do Cabo,BR,2021-07-22 21:38:31,-22.9661,-42.0278,67.96,77,0,2.3
25,Matara,LK,2021-07-22 21:40:12,5.9485,80.5353,78.48,87,100,14.79
26,Omboue,GA,2021-07-22 21:40:13,-1.5746,9.2618,72.68,77,84,8.32
27,Butaritari,KI,2021-07-22 21:40:13,3.0707,172.7902,83.71,75,34,16.4
28,Asau,RO,2021-07-22 21:40:13,46.4333,26.4,60.28,93,21,4.43
29,Beringovskiy,RU,2021-07-22 21:40:14,63.05,179.3167,49.17,82,37,6.53
30,Bara,NG,2021-07-22 21:40:14,10.3744,10.7288,74.75,87,100,11.1
31,Cherskiy,RU,2021-07-22 21:40:14,68.75,161.3,57.25,77,99,1.83
32,Coahuayana,MX,2021-07-22 21:40:15,18.7333,-103.6833,94.48,71,100,5.97
33,Sipacapa,GT,2021-07-22 21:40:15,15.2,-91.6667,64.62,62,83,7.47
34,Lunenburg,CA,2021-07-22 21:40:15,44.3835,-64.3155,67.05,88,98,16.11
35,Adre,TD,2021-07-22 21:40:16,13.4667,22.2,70.72,89,99,5.79
36,Bull Savanna,JM,2021-07-22 21:40:16,17.8868,-77.5902,82.8,65,29,13.67
37,Paamiut,GL,2021-07-22 21:40:16,61.994,-49.6678,42.17,99,100,9.26
38,Zhuhai,CN,2021-07-22 21:40:17,22.2769,113.5678,83.05,94,20,3.44
39,Tasiilaq,GL,2021-07-22 21:40:17,65.6145,-37.6368,44.76,97,100,5.06
40,Chokurdakh,RU,2021-07-22 21:40:18,70.6333,147.9167,46.85,60,1,8.01
41,Upernavik,GL,2021-07-22 21:40:18,72.7868,-56.1549,40.87,93,100,2.84
42,Yellowknife,CA,2021-07-22 21:40:18,62.456,-114.3525,68.52,68,75,9.22
43,Itoman,JP,2021-07-22 21:40:19,26.1247,127.6694,81.37,92,75,27.63
44,Avarua,CK,2021-07-22 21:40:19,-21.2078,-159.775,80.65,74,75,12.66
45,Longyearbyen,SJ,2021-07-22 21:39:55,78.2186,15.6401,42.76,79,42,3.6
46,Rikitea,PF,2021-07-22 21:40:20,-23.1203,-134.9692,73.6,72,13,18.16
47,Hermanus,ZA,2021-07-22 21:40:20,-34.4187,19.2345,46.9,77,34,9.93
48,Pangnirtung,CA,2021-07-22 21:40:20,66.1451,-65.7125,48.2,76,75,17.27
49,Mount Gambier,AU,2021-07-22 21:40:21,-37.8333,140.7667,42.71,93,90,8.05
50,Strezhevoy,RU,2021-07-22 21:40:21,60.7333,77.5889,64.38,93,97,5.68
51,Lebu,CL,2021-07-22 21:40:22,-37.6167,-73.65,50.76,88,100,6.26
52,Mingguang,CN,2021-07-22 21:40:22,32.7802,117.9638,75.27,97,100,7.38
53,Puerto Ayora,EC,2021-07-22 21:40:23,-0.7393,-90.3518,80.56,87,98,10.0
54,Bud,US,2021-07-22 21:40:23,39.447,-86.1758,83.43,70,94,6.82
55,Roros,NO,2021-07-22 21:38:47,62.5747,11.3842,48.04,81,90,9.22
56,Georgetown,MY,2021-07-22 21:37:11,5.4112,100.3354,84.13,84,20,3.0
57,Totton,GB,2021-07-22 21:40:24,50.9188,-1.4904,69.33,73,0,0.0
58,Nanortalik,GL,2021-07-22 21:40:24,60.1432,-45.2371,44.78,91,81,8.79
59,Dunedin,NZ,2021-07-22 21:40:18,-45.8742,170.5036,49.8,60,5,1.01
60,Rumoi,JP,2021-07-22 21:40:25,43.9344,141.6428,72.57,79,99,5.82
61,Paita,PE,2021-07-22 21:37:03,-5.0892,-81.1144,73.96,77,58,17.47
62,Saint George,US,2021-07-22 21:35:27,37.1041,-113.5841,94.32,46,1,4.0
63,Busselton,AU,2021-07-22 21:40:25,-33.65,115.3333,53.1,67,100,22.75
64,Dali,CN,2021-07-22 21:40:26,25.7,100.1833,61.74,88,95,2.77
65,Gazli,UZ,2021-07-22 21:40:26,40.1333,63.45,86.23,18,0,10.18
66,Lewisporte,CA,2021-07-22 21:40:26,49.2499,-55.0482,59.13,63,99,8.34
67,Bluff,NZ,2021-07-22 21:40:27,-46.6,168.3333,40.8,76,28,12.48
68,Atuona,PF,2021-07-22 21:40:27,-9.8,-139.0333,77.38,71,90,9.42
69,Puerto Escondido,MX,2021-07-22 21:40:28,15.85,-97.0667,90.43,62,40,4.61
70,Meulaboh,ID,2021-07-22 21:40:28,4.1363,96.1285,76.24,91,97,4.05
71,Hilo,US,2021-07-22 21:40:28,19.7297,-155.09,87.28,82,90,13.8
72,Freetown,SL,2021-07-22 21:40:29,8.484,-13.2299,76.37,88,100,6.29
73,Ponta Do Sol,PT,2021-07-22 21:40:29,32.6667,-17.1,75.7,72,24,5.68
74,Sorland,NO,2021-07-22 21:40:29,67.667,12.6934,49.6,77,100,12.3
75,Le Port,RE,2021-07-22 21:40:30,-20.9373,55.2919,67.96,71,26,6.82
76,Calama,CL,2021-07-22 21:40:30,-22.4667,-68.9333,73.89,6,0,16.11
77,Mnogovershinnyy,RU,2021-07-22 21:40:30,53.9353,139.9242,72.73,61,76,1.45
78,Iqaluit,CA,2021-07-22 21:40:12,63.7506,-68.5145,53.33,76,90,10.36
79,Kavaratti,IN,2021-07-22 21:40:31,10.5669,72.642,81.73,81,100,24.27
80,Barkly West,ZA,2021-07-22 21:40:31,-28.5354,24.5215,29.48,47,0,10.49
81,Nokaneng,BW,2021-07-22 21:40:32,-19.6667,22.2667,45.36,15,8,7.61
82,Barrow,US,2021-07-22 21:40:32,71.2906,-156.7887,37.42,87,90,12.66
83,Daru,PG,2021-07-22 21:40:33,-9.0763,143.2092,76.86,79,100,14.0
84,Lagoa,PT,2021-07-22 21:40:33,39.05,-27.9833,67.46,75,0,11.59
85,Lavrentiya,RU,2021-07-22 21:40:33,65.5833,-171.0,40.91,82,100,3.94
86,Gat,IL,2021-07-22 21:40:34,31.61,34.7642,79.48,100,0,4.0
87,Dingle,PH,2021-07-22 21:40:34,10.9995,122.6711,77.77,86,100,13.85
88,East London,ZA,2021-07-22 21:36:46,-33.0153,27.9116,51.87,68,99,22.41
89,Cabo San Lucas,MX,2021-07-22 21:40:35,22.8909,-109.9124,100.51,59,1,7.0
90,Micheweni,TZ,2021-07-22 21:40:35,-4.9667,39.8333,74.64,81,6,10.71
91,Sidhi,IN,2021-07-22 21:40:36,24.4167,81.8833,81.54,84,89,3.98
92,Westport,US,2021-07-22 21:38:43,41.1415,-73.3579,82.15,52,90,7.0
93,Chuy,UY,2021-07-22 21:40:36,-33.6971,-53.4616,50.65,76,91,5.53
94,Thompson,CA,2021-07-22 21:40:37,55.7435,-97.8558,82.56,51,40,8.05
95,Clyde River,CA,2021-07-22 21:40:37,70.4692,-68.5914,39.43,93,90,8.05
96,Lompoc,US,2021-07-22 21:40:38,34.6391,-120.4579,86.56,70,75,16.11
97,Souillac,MU,2021-07-22 21:40:38,-20.5167,57.5167,70.36,77,20,11.5
98,Saint-Francois,FR,2021-07-22 21:40:38,46.4154,3.9054,68.18,79,0,0.0
99,Hobart,AU,2021-07-22 21:40:39,-42.8794,147.3294,50.25,69,75,4.0
100,Baghdad,IQ,2021-07-22 21:39:47,33.3406,44.4009,87.71,30,0,2.3
101,Haines Junction,CA,2021-07-22 21:40:39,60.7522,-137.5108,66.15,45,56,6.91
102,Shanghai,CN,2021-07-22 21:39:01,31.2222,121.4581,82.27,82,75,13.42
103,Albury,AU,2021-07-22 21:40:40,-36.0833,146.9167,43.02,94,90,5.75
104,Nome,US,2021-07-22 21:40:40,64.5011,-165.4064,49.15,71,40,16.11
105,San Patricio,US,2021-07-22 21:40:41,28.017,-97.5169,89.49,53,60,16.24
106,Skovorodino,RU,2021-07-22 21:40:41,53.9833,123.9167,69.35,96,43,5.01
107,Roald,NO,2021-07-22 21:40:41,62.5833,6.1333,55.45,93,0,5.75
108,Ballinasloe,IE,2021-07-22 21:40:42,53.3275,-8.2194,66.34,88,100,5.37
109,Ichchapuram,IN,2021-07-22 21:40:42,19.1167,84.7,82.42,83,100,3.78
110,Aloleng,PH,2021-07-22 21:40:43,16.1307,119.7824,81.03,86,100,16.91
111,Castro,BR,2021-07-22 21:37:34,-24.7911,-50.0119,50.9,61,0,3.56
112,Kembe,CF,2021-07-22 21:40:43,4.6228,21.8865,69.57,97,100,3.8
113,Fairbanks,US,2021-07-22 21:40:31,64.8378,-147.7164,81.61,45,1,9.22
114,Airai,TL,2021-07-22 21:40:44,-8.9266,125.4092,54.64,39,8,2.73
115,Port Elizabeth,ZA,2021-07-22 21:40:44,-33.918,25.5701,50.29,71,75,10.36
116,Hofn,IS,2021-07-22 21:40:25,64.2539,-15.2082,53.4,96,100,5.5
117,Bobcaygeon,CA,2021-07-22 21:40:45,44.5462,-78.542,73.87,48,100,7.16
118,Jamestown,US,2021-07-22 21:40:16,42.097,-79.2353,73.29,46,1,8.05
119,Saldanha,ZA,2021-07-22 21:40:46,-33.0117,17.9442,41.05,72,3,10.58
120,Pajarito,CO,2021-07-22 21:40:46,5.2929,-72.7028,68.2,99,100,0.83
121,Qaanaaq,GL,2021-07-22 21:40:47,77.484,-69.3632,45.43,64,39,1.95
122,Palencia,ES,2021-07-22 21:40:47,42.4167,-4.5,79.79,17,13,3.87
123,Pangody,RU,2021-07-22 21:40:48,65.85,74.4859,50.2,72,99,6.35
124,Severo-Kurilsk,RU,2021-07-22 21:40:48,50.6789,156.125,53.89,86,68,4.21
125,Price,US,2021-07-22 21:40:49,39.5994,-110.8107,90.66,27,1,9.22
126,Ilo,PE,2021-07-22 21:40:49,-17.6394,-71.3375,60.15,81,33,3.74
127,Bathsheba,BB,2021-07-22 21:40:49,13.2167,-59.5167,84.81,74,75,17.27
128,Paracuru,BR,2021-07-22 21:40:50,-3.41,-39.0306,80.62,78,6,15.82
129,De-Kastri,RU,2021-07-22 21:40:50,51.4667,140.7833,68.72,94,57,2.59
130,Dwarka,IN,2021-07-22 21:40:51,22.2394,68.9678,82.9,84,100,18.77
131,Tangjiazhuang,CN,2021-07-22 21:40:51,39.7333,118.45,73.56,85,100,2.73
132,Isangel,VU,2021-07-22 21:40:51,-19.55,169.2667,73.51,94,40,0.0
133,Carnarvon,AU,2021-07-22 21:40:52,-24.8667,113.6333,55.47,79,6,5.75
134,Ust-Omchug,RU,2021-07-22 21:40:52,61.15,149.6333,52.16,95,100,2.08
135,Mahebourg,MU,2021-07-22 21:40:52,-20.4081,57.7,70.25,77,20,11.5
136,Aluksne,LV,2021-07-22 21:40:53,57.4167,27.05,54.63,90,4,6.82
137,Aklavik,CA,2021-07-22 21:40:53,68.2191,-135.0107,56.12,88,90,16.11
138,Alofi,NU,2021-07-22 21:40:30,-19.0595,-169.9187,76.89,94,75,9.22
139,Gubkinskiy,RU,2021-07-22 21:40:54,64.434,76.5026,61.59,70,99,7.49
140,Khatanga,RU,2021-07-22 21:40:55,71.9667,102.5,55.83,82,69,8.5
141,Smithers,CA,2021-07-22 21:40:55,54.7804,-127.1743,62.92,51,75,4.61
142,Mar Del Plata,AR,2021-07-22 21:40:19,-38.0023,-57.5575,57.22,67,0,3.44
143,Anito,PH,2021-07-22 21:40:56,12.4497,125.2886,80.47,77,100,15.3
144,Namatanai,PG,2021-07-22 21:40:56,-3.6667,152.4333,81.07,77,9,6.85
145,Saint-Philippe,RE,2021-07-22 21:40:56,-21.3585,55.7679,67.55,76,42,12.55
146,Aykhal,RU,2021-07-22 21:40:57,66.0,111.5,62.29,58,91,5.12
147,Koslan,RU,2021-07-22 21:40:57,63.4564,48.8989,49.06,68,77,4.72
148,Cayenne,GF,2021-07-22 21:40:46,4.9333,-52.3333,83.08,79,0,3.0
149,Puerto Carreno,CO,2021-07-22 21:40:07,6.189,-67.4859,79.99,84,82,4.68
150,Tiksi,RU,2021-07-22 21:40:58,71.6872,128.8694,43.21,76,100,6.53
151,Novikovo,RU,2021-07-22 21:40:58,51.1537,37.8879,57.56,60,0,7.74
152,Vaini,TO,2021-07-22 21:40:59,-21.2,-175.2,78.96,89,20,8.05
153,Port Macquarie,AU,2021-07-22 21:40:49,-31.4333,152.9167,49.89,85,100,7.63
154,Alegrete,BR,2021-07-22 21:40:59,-29.7831,-55.7919,60.62,79,94,7.83
155,Kahului,US,2021-07-22 21:41:00,20.8947,-156.47,87.06,63,40,20.71
156,Faanui,PF,2021-07-22 21:41:00,-16.4833,-151.75,78.82,66,49,14.9
157,Nouadhibou,MR,2021-07-22 21:41:00,20.931,-17.0347,69.78,83,0,13.8
158,Havelock,US,2021-07-22 21:41:01,34.8791,-76.9013,86.05,80,90,8.01
159,Luderitz,NA,2021-07-22 21:41:01,-26.6481,15.1594,57.88,33,4,9.37
160,Lakatoro,VU,2021-07-22 21:41:02,-16.0999,167.4164,80.64,76,17,8.1
161,Torbay,CA,2021-07-22 21:41:02,47.6666,-52.7314,53.28,96,90,12.66
162,Isoka,ZM,2021-07-22 21:41:03,-10.1606,32.6335,57.09,76,16,0.83
163,Kazanka,UA,2021-07-22 21:41:04,47.8462,32.8218,61.11,63,0,12.48
164,Englewood,US,2021-07-22 21:40:46,39.6478,-104.9878,97.09,25,40,3.0
165,Moron,AR,2021-07-22 21:36:25,-34.6534,-58.6198,64.02,61,85,3.0
166,Cap Malheureux,MU,2021-07-22 21:41:05,-19.9842,57.6142,70.47,68,60,3.0
167,Caravelas,BR,2021-07-22 21:41:06,-17.7125,-39.2481,71.15,65,7,8.48
168,Kruisfontein,ZA,2021-07-22 21:41:06,-34.0033,24.7314,43.88,81,97,7.65
169,Lorengau,PG,2021-07-22 21:41:07,-2.0226,147.2712,82.69,77,42,3.65
170,Norman Wells,CA,2021-07-22 21:41:07,65.282,-126.8329,77.04,50,40,13.8
171,Pandan,PH,2021-07-22 21:41:07,14.0453,124.1694,81.5,82,100,19.89
172,Kalmunai,LK,2021-07-22 21:41:08,7.4167,81.8167,80.04,66,97,8.52
173,Ponta Delgada,PT,2021-07-22 21:41:08,37.7333,-25.6667,68.72,73,40,5.75
174,Provideniya,RU,2021-07-22 21:41:09,64.3833,-173.3,44.71,76,75,11.18
175,Broken Hill,AU,2021-07-22 21:41:09,-31.95,141.4333,42.51,93,90,0.0
176,Havre-Saint-Pierre,CA,2021-07-22 21:41:09,50.2334,-63.5986,59.36,88,90,9.22
177,Hvolsvollur,IS,2021-07-22 21:41:10,63.7533,-20.2243,53.82,94,100,3.04
178,Trelew,AR,2021-07-22 21:39:50,-43.249,-65.3051,57.11,30,100,8.37
179,Velten,DE,2021-07-22 21:41:10,52.6833,13.1833,68.14,89,40,3.62
180,Avera,US,2021-07-22 21:41:11,33.194,-82.5271,93.07,60,68,3.13
181,Berlevag,NO,2021-07-22 21:41:11,70.8578,29.0864,44.55,81,75,27.98
182,Matamoros,MX,2021-07-22 21:41:12,25.5333,-103.25,85.1,41,93,9.82
183,Banda Aceh,ID,2021-07-22 21:41:12,5.5577,95.3222,80.26,79,99,13.87
184,Coihaique,CL,2021-07-22 21:41:12,-45.5752,-72.0662,42.75,81,90,4.61
185,Esperance,AU,2021-07-22 21:41:13,-33.8667,121.9,49.84,73,6,19.42
186,Mindelo,CV,2021-07-22 21:41:13,16.8901,-24.9804,76.55,69,75,16.11
187,Shu,KZ,2021-07-22 21:41:14,43.5983,73.7614,75.22,54,0,6.87
188,Saskylakh,RU,2021-07-22 21:41:14,71.9167,114.0833,58.55,77,78,6.58
189,Gamba,GA,2021-07-22 21:41:15,-2.65,10.0,71.69,79,55,7.27
190,Tupik,RU,2021-07-22 21:41:15,54.4253,119.9327,64.74,99,100,1.95
191,Hillsborough,US,2021-07-22 21:41:15,37.5741,-122.3794,91.65,73,20,21.85
192,Pisco,PE,2021-07-22 21:41:16,-13.7,-76.2167,64.45,77,90,9.22
193,Labe,GN,2021-07-22 21:41:16,11.3182,-12.2833,66.74,98,68,3.85
194,Leningradskiy,RU,2021-07-22 21:41:16,69.3833,178.4167,40.19,82,80,9.44
195,Zhezkazgan,KZ,2021-07-22 21:41:17,47.8043,67.7144,73.26,39,0,9.71
196,Hualmay,PE,2021-07-22 21:40:54,-11.0964,-77.6139,65.86,76,17,10.69
197,Kralendijk,BQ,2021-07-22 21:41:18,12.15,-68.2667,85.98,70,75,21.85
198,Ribeira Grande,PT,2021-07-22 21:41:18,38.5167,-28.7,70.2,64,20,5.75
199,Puerto El Triunfo,SV,2021-07-22 21:41:19,13.2833,-88.55,101.26,39,40,9.26
200,Bambous Virieux,MU,2021-07-22 21:41:19,-20.3428,57.7575,70.21,77,20,11.5
201,Ilulissat,GL,2021-07-22 21:41:20,69.2167,-51.1,44.62,81,75,3.44
202,Vao,NC,2021-07-22 21:41:20,-22.6667,167.4833,69.31,68,4,4.7
203,Escanaba,US,2021-07-22 21:41:20,45.7453,-87.0646,74.05,77,75,8.05
204,Tibati,CM,2021-07-22 21:41:21,6.4667,12.6333,65.89,95,74,2.8
205,Klaksvik,FO,2021-07-22 21:41:05,62.2266,-6.589,49.12,91,98,8.79
206,Camrose,CA,2021-07-22 21:41:21,53.0168,-112.8353,63.66,58,66,13.4
207,Ukholovo,RU,2021-07-22 21:41:22,53.7929,40.4892,56.25,62,50,8.23
208,Lososina,RU,2021-07-22 21:41:22,48.9975,140.3106,71.65,85,77,3.27
209,Vanimo,PG,2021-07-22 21:41:23,-2.6741,141.3028,77.95,90,98,3.96
210,Lasa,IT,2021-07-22 21:41:24,46.6166,10.7002,61.02,82,17,2.19
211,Saint Marys,US,2021-07-22 21:41:24,30.7305,-81.5465,97.02,51,98,8.08
212,Mackenzie,CA,2021-07-22 21:41:24,55.2999,-123.1698,55.62,71,90,5.75
213,Byron Bay,AU,2021-07-22 21:41:25,-28.65,153.6167,59.18,76,94,6.78
214,Uhlove,UA,2021-07-22 21:41:25,44.8215,33.6045,74.57,68,66,16.44
215,Zacatepec,MX,2021-07-22 21:41:26,18.65,-99.2,92.64,48,40,4.83
216,Sierre,CH,2021-07-22 21:41:26,46.2919,7.5356,73.38,56,0,1.14
217,Lata,PT,2021-07-22 21:41:26,40.1629,-8.3327,60.82,96,95,2.55
218,Vilyuysk,RU,2021-07-22 21:41:27,63.7553,121.6247,68.25,69,47,4.32
219,Miri,MY,2021-07-22 21:41:27,4.4148,114.0089,75.34,94,40,1.14
220,La Ronge,CA,2021-07-22 21:41:27,55.1001,-105.2842,79.05,61,75,6.91
221,Brae,GB,2021-07-22 21:41:28,60.3964,-1.353,51.71,78,100,6.33
222,Hornepayne,CA,2021-07-22 21:41:28,49.2138,-84.7705,75.36,41,34,2.46
223,Durres,AL,2021-07-22 21:41:29,41.3231,19.4414,69.98,60,0,8.57
224,Tomatlan,MX,2021-07-22 21:41:29,19.9333,-105.25,89.29,63,98,8.28
225,Nikolskoye,RU,2021-07-22 21:41:29,59.7035,30.7861,64.29,77,95,4.88
226,Talcahuano,CL,2021-07-22 21:41:30,-36.7167,-73.1167,51.48,87,0,5.75
227,Zhoucheng,CN,2021-07-22 21:41:30,35.9122,116.3117,79.02,87,95,1.54
228,Muzhi,RU,2021-07-22 21:41:30,65.3667,64.6667,48.0,61,100,4.27
229,Margate,GB,2021-07-22 21:41:31,51.3813,1.3862,64.31,83,4,1.01
230,Varnamo,SE,2021-07-22 21:41:31,57.186,14.04,62.91,84,9,4.97
231,Locri,IT,2021-07-22 21:41:31,38.2414,16.2623,79.99,81,0,10.51
232,Harper,LR,2021-07-22 21:40:44,4.375,-7.7169,76.68,80,90,10.29
233,Vanavara,RU,2021-07-22 21:41:32,60.34,102.2797,58.12,92,86,2.73
234,Deputatskiy,RU,2021-07-22 21:41:32,69.3,139.9,54.03,64,80,4.16
235,Haikou,CN,2021-07-22 21:41:33,20.0458,110.3417,78.93,89,0,2.24
236,Hasaki,JP,2021-07-22 21:41:33,35.7333,140.8333,77.29,76,31,4.52
237,Turangi,NZ,2021-07-22 21:41:34,-39.0,175.9333,44.42,78,51,0.69
238,Pacific Grove,US,2021-07-22 21:41:34,36.6177,-121.9166,89.15,80,40,4.0
239,Victoria,HK,2021-07-22 21:37:51,22.2855,114.1577,83.32,89,100,1.01
240,Homer,US,2021-07-22 21:41:34,59.6425,-151.5483,61.09,86,75,0.0
241,Rovaniemi,FI,2021-07-22 21:41:35,66.5,25.7167,51.21,62,0,8.05
242,Mackay,AU,2021-07-22 21:41:35,-21.15,149.2,63.05,87,8,5.75
243,Nagapattinam,IN,2021-07-22 21:41:36,10.7667,79.8333,82.62,61,100,10.87
244,Sisimiut,GL,2021-07-22 21:41:36,66.9395,-53.6735,43.61,90,100,4.27
245,Paungde,MM,2021-07-22 21:41:36,18.4833,95.5,76.51,95,99,9.91
246,Wangqing,CN,2021-07-22 21:41:37,43.3218,129.7634,76.05,77,100,1.16
247,Skjervoy,NO,2021-07-22 21:41:37,70.0311,20.9714,46.9,91,100,26.71
248,Seevetal,DE,2021-07-22 21:41:37,53.4,9.9667,60.3,77,40,8.05
249,Shubarshi,KZ,2021-07-22 21:41:38,48.5872,57.1869,84.7,32,48,8.95
250,Salinopolis,BR,2021-07-22 21:40:49,-0.6136,-47.3561,79.23,84,53,12.91
251,Tessalit,ML,2021-07-22 21:41:38,20.1986,1.0114,84.42,47,100,5.88
252,Diego De Almagro,CL,2021-07-22 21:41:39,-26.3667,-70.05,65.84,29,0,4.79
253,Boende,CD,2021-07-22 21:41:39,-0.2167,20.8667,80.33,37,92,0.74
254,Constitucion,CL,2021-07-22 21:41:40,-35.3333,-72.4167,54.27,84,100,11.52
255,Rocha,UY,2021-07-22 21:41:40,-34.4833,-54.3333,49.93,77,80,6.11
256,Chernyshevskiy,RU,2021-07-22 21:41:41,63.0128,112.4714,59.41,83,100,1.79
257,Acarau,BR,2021-07-22 21:41:41,-2.8856,-40.12,79.5,78,16,19.15
258,La Rioja,ES,2021-07-22 21:41:41,42.25,-2.5,80.38,22,1,9.01
259,Ryki,PL,2021-07-22 21:41:42,51.6257,21.9327,67.17,67,72,5.19
260,Guerrero Negro,MX,2021-07-22 21:39:55,27.9769,-114.0611,82.67,50,27,13.73
261,Taoudenni,ML,2021-07-22 21:41:42,22.6783,-3.9836,103.28,15,5,13.4
262,Kaitangata,NZ,2021-07-22 21:41:43,-46.2817,169.8464,42.93,76,8,6.04
263,Arman,RU,2021-07-22 21:41:43,59.7,150.1667,52.95,94,100,1.86
264,Dubrajpur,IN,2021-07-22 21:41:43,23.8,87.3833,80.73,85,42,10.49
265,Pahrump,US,2021-07-22 21:41:44,36.2083,-115.9839,104.05,26,58,5.99
266,Ferme-Neuve,CA,2021-07-22 21:41:44,46.7001,-75.4493,69.58,58,84,10.69
267,Bay Roberts,CA,2021-07-22 21:41:45,47.5999,-53.2648,53.35,95,98,5.01
268,Srem,PL,2021-07-22 21:41:45,52.0887,17.0151,65.79,82,35,4.23
269,Moose Factory,CA,2021-07-22 21:41:45,51.2585,-80.6094,69.8,64,1,11.5
270,Windhoek,NA,2021-07-22 21:41:46,-22.5594,17.0832,48.4,13,0,8.05
271,Veselynove,UA,2021-07-22 21:41:46,47.3567,31.2349,64.72,71,6,10.45
272,Te Anau,NZ,2021-07-22 21:41:14,-45.4167,167.7167,38.79,87,40,1.03
273,Coquimbo,CL,2021-07-22 21:41:47,-29.9533,-71.3436,53.33,82,75,6.91
274,Izhma,RU,2021-07-22 21:41:47,65.0083,53.9113,47.07,65,22,5.88
275,Maniitsoq,GL,2021-07-22 21:41:48,65.4167,-52.9,42.28,94,100,17.69
276,Bethel,US,2021-07-22 21:41:48,41.3712,-73.414,79.81,63,75,3.44
277,Mirnyy,RU,2021-07-22 21:41:49,62.5353,113.9611,58.28,96,100,7.0
278,Gemena,CD,2021-07-22 21:41:49,3.25,19.7667,71.01,96,100,3.42
279,Huntington,US,2021-07-22 21:39:20,38.4193,-82.4452,82.99,51,20,5.75
280,Kovur,IN,2021-07-22 21:41:50,14.4833,79.9833,79.86,66,100,14.36
281,Bambanglipuro,ID,2021-07-22 21:41:50,-7.95,110.2833,73.35,91,36,3.96
282,Birobidzhan,RU,2021-07-22 21:41:51,48.8,132.95,79.09,76,95,1.7
283,Doka,SD,2021-07-22 21:41:51,13.5167,35.7667,70.2,80,63,6.82
284,Kodiak,US,2021-07-22 21:39:06,57.79,-152.4072,54.91,88,90,10.36
285,Goldsboro,US,2021-07-22 21:41:52,35.3849,-77.9928,88.11,63,20,0.0
286,Faya,SA,2021-07-22 21:41:52,18.3851,42.4509,63.12,74,99,6.4
287,Natal,BR,2021-07-22 21:41:53,-5.795,-35.2094,79.02,73,0,12.66
288,Egvekinot,RU,2021-07-22 21:41:53,66.3167,-179.1667,44.37,71,88,4.05
289,Port-Gentil,GA,2021-07-22 21:41:53,-0.7193,8.7815,74.84,76,98,12.82
290,Bandarbeyla,SO,2021-07-22 21:41:54,9.4942,50.8122,78.71,79,72,33.06
291,Anadyr,RU,2021-07-22 21:41:54,64.75,177.4833,52.3,66,0,11.01
292,Megion,RU,2021-07-22 21:41:55,61.0296,76.1136,64.42,89,98,8.77
293,Gigmoto,PH,2021-07-22 21:41:55,13.7796,124.39,80.8,86,100,16.82
294,Phalaborwa,ZA,2021-07-22 21:41:55,-23.943,31.1411,54.61,70,0,11.34
295,Saint-Pierre,RE,2021-07-22 21:41:56,-21.3393,55.4781,67.64,68,0,5.75
296,Kenai,US,2021-07-22 21:41:56,60.5544,-151.2583,61.09,85,90,11.5
297,Paoua,CF,2021-07-22 21:41:56,7.2427,16.4406,68.13,96,100,2.64
298,Sitka,US,2021-07-22 21:41:57,57.0531,-135.33,58.89,77,90,9.22
299,Mount Isa,AU,2021-07-22 21:41:57,-20.7333,139.5,64.17,42,69,1.14
300,Taltal,CL,2021-07-22 21:40:20,-25.4,-70.4833,58.57,76,24,4.27
301,Atar,MR,2021-07-22 21:41:58,20.5169,-13.0499,89.1,16,3,5.37
302,Olinda,BR,2021-07-22 21:41:58,-8.0089,-34.8553,74.93,69,20,10.36
303,Koberice,CZ,2021-07-22 21:41:59,49.9855,18.0521,62.64,93,16,1.68
304,Saravan,AM,2021-07-22 21:41:59,39.7196,45.6483,72.25,63,5,7.47
305,Tevriz,RU,2021-07-22 21:42:00,57.509,72.4042,67.39,62,38,7.47
306,Corowa,AU,2021-07-22 21:42:00,-36.0333,146.3833,43.29,95,100,8.3
307,Ngorongoro,TZ,2021-07-22 21:42:00,-3.2397,35.4875,48.02,88,0,6.33
308,Lanzhou,CN,2021-07-22 21:42:01,36.0564,103.7922,72.68,74,51,2.33
309,Jieshi,CN,2021-07-22 21:42:01,22.8134,115.8257,84.94,82,38,6.98
310,Chimore,BO,2021-07-22 21:42:01,-16.9833,-65.1333,77.23,49,0,1.54
311,Kirakira,SB,2021-07-22 21:42:02,-10.4544,161.9205,81.88,80,33,7.4
312,Balgazyn,RU,2021-07-22 21:42:02,51.0,95.2,64.65,55,99,2.24
313,Yar-Sale,RU,2021-07-22 21:42:03,66.8333,70.8333,46.54,68,79,5.91
314,Barmer,IN,2021-07-22 21:42:03,25.75,71.3833,84.85,71,86,15.05
315,Ndjole,GA,2021-07-22 21:42:04,-0.1783,10.7649,75.33,79,100,5.64
316,Nishihara,JP,2021-07-22 21:42:04,26.1842,127.7558,80.65,95,90,27.63
317,Brazzaville,CG,2021-07-22 21:42:04,-4.2658,15.2832,73.76,83,81,5.75
318,Maloy,NO,2021-07-22 21:42:05,61.9353,5.1136,59.0,85,75,20.6
319,Tautira,PF,2021-07-22 21:42:05,-17.7333,-149.15,82.42,71,40,12.19
320,Waingapu,ID,2021-07-22 21:42:06,-9.6567,120.2641,70.84,73,3,4.74
321,Pontianak,ID,2021-07-22 21:42:06,-0.0333,109.3333,76.98,100,75,2.3
322,Yulara,AU,2021-07-22 21:42:06,-25.2406,130.9889,44.44,70,2,4.61
323,Visby,SE,2021-07-22 21:42:07,57.6409,18.296,70.86,77,6,9.22
324,Vostok,RU,2021-07-22 21:42:07,46.4856,135.8833,74.34,76,97,2.21
325,Jishu,CN,2021-07-22 21:42:08,44.3167,126.8,75.42,85,100,4.43
326,Kalabo,ZM,2021-07-22 21:42:08,-14.97,22.6814,56.21,24,41,8.43
327,Yeppoon,AU,2021-07-22 21:42:08,-23.1333,150.7333,47.98,71,0,4.52
328,Tabou,CI,2021-07-22 21:42:09,4.423,-7.3528,76.68,80,100,10.02
329,Dikson,RU,2021-07-22 21:42:09,73.5069,80.5464,38.71,98,100,21.7
330,Husavik,IS,2021-07-22 21:41:56,66.0449,-17.3389,55.31,75,65,2.08
331,Carutapera,BR,2021-07-22 21:42:10,-1.195,-46.02,77.11,85,13,7.16
332,Ostrovnoy,RU,2021-07-22 21:42:11,68.0531,39.5131,40.6,85,49,17.56
333,Emerald,AU,2021-07-22 21:42:11,-23.5333,148.1667,53.74,76,75,6.91
334,Pemba,MZ,2021-07-22 21:42:11,-12.974,40.5178,75.63,74,13,10.54
335,Zhumadian,CN,2021-07-22 21:42:12,32.9794,114.0294,74.62,96,100,5.55
336,Muros,ES,2021-07-22 21:42:12,42.7762,-9.0603,66.7,86,68,1.72
337,Rundu,NA,2021-07-22 21:42:12,-17.9333,19.7667,48.78,26,36,7.49
338,Karratha,AU,2021-07-22 21:42:13,-20.7377,116.8463,67.12,36,22,10.2
339,Guaymas,MX,2021-07-22 21:42:13,27.9333,-110.9,88.07,62,40,11.97
340,Shache,CN,2021-07-22 21:41:44,38.4167,77.2406,71.08,53,1,4.63
341,Abha,SA,2021-07-22 21:42:14,18.2164,42.5053,62.85,94,40,5.75
342,Namibe,AO,2021-07-22 21:42:14,-15.1961,12.1522,66.34,73,1,4.38
343,Kavieng,PG,2021-07-22 21:42:15,-2.5744,150.7967,82.81,78,56,12.3
344,Batticaloa,LK,2021-07-22 21:42:15,7.7102,81.6924,82.76,60,99,13.22
345,Lethem,GY,2021-07-22 21:42:16,3.3803,-59.7968,80.38,82,47,5.06
346,Safaga,EG,2021-07-22 21:42:16,26.7292,33.9365,91.35,39,0,9.64
347,Oranjestad,AW,2021-07-22 21:38:59,12.524,-70.027,85.95,70,20,27.63
348,Cape Coast,GH,2021-07-22 21:42:16,5.1053,-1.2466,76.35,81,56,10.96
349,Tuy Hoa,VN,2021-07-22 21:42:17,13.0833,109.3,83.59,64,100,17.27
350,Balikpapan,ID,2021-07-22 21:42:18,-1.2675,116.8289,74.57,91,89,4.92
351,Talnakh,RU,2021-07-22 21:42:18,69.4865,88.3972,54.88,83,71,4.05
352,Chekhov,RU,2021-07-22 21:42:18,55.1431,37.4711,60.1,72,10,5.93
353,Labuhan,ID,2021-07-22 21:42:19,-6.8844,112.2051,75.65,86,51,7.0
354,Nago,JP,2021-07-22 21:42:19,26.5881,127.9761,81.45,90,100,31.21
355,Lamar,US,2021-07-22 21:42:19,33.6668,-95.5836,93.11,49,40,6.91
356,Khandbari,NP,2021-07-22 21:42:20,27.3747,87.2039,72.86,85,47,1.43
357,Vardo,NO,2021-07-22 21:42:20,70.3705,31.1107,43.0,80,100,29.12
358,Mahibadhoo,MV,2021-07-22 21:42:21,3.7833,72.9667,82.56,75,100,14.0
359,Luanda,AO,2021-07-22 21:42:21,-8.8368,13.2343,68.92,91,29,4.7
360,Abbeville,FR,2021-07-22 21:42:22,50.1,1.8333,64.27,80,4,6.96
361,Ahipara,NZ,2021-07-22 21:42:22,-35.1667,173.1667,55.98,83,47,5.32
362,Komsomolskiy,UZ,2021-07-22 21:42:23,40.4272,71.7189,78.22,33,1,2.3
363,Mogadishu,SO,2021-07-22 21:42:23,2.0371,45.3438,76.53,86,78,22.77
364,Nizhneangarsk,RU,2021-07-22 21:42:23,55.7833,109.55,51.4,91,42,1.05
365,Dormagen,DE,2021-07-22 21:42:24,51.1,6.8333,67.17,76,21,3.6
366,Noumea,NC,2021-07-22 21:39:23,-22.2763,166.4572,71.01,99,30,1.72
367,Xushan,CN,2021-07-22 21:42:24,30.1764,121.2457,78.73,90,11,17.38
368,Prata,BR,2021-07-22 21:42:25,-19.3072,-48.9242,73.47,33,7,4.99
369,Abomsa,ET,2021-07-22 21:42:25,9.9833,39.9833,74.64,62,100,4.25
370,Hovd,MN,2021-07-22 21:41:26,48.0056,91.6419,72.41,28,99,3.44
371,Magelang,ID,2021-07-22 21:42:26,-7.4706,110.2178,79.9,95,70,1.05
372,Chaohu,CN,2021-07-22 21:42:26,31.6,117.8667,79.03,97,68,8.41
373,Humaita,BR,2021-07-22 21:42:26,-7.5061,-63.0208,85.66,40,3,2.08
374,Vila Velha,BR,2021-07-22 21:42:27,-20.3297,-40.2925,75.96,69,20,5.75
375,Sandane,NO,2021-07-22 21:42:27,61.7728,6.215,58.57,94,100,5.5
376,Amarillo,US,2021-07-22 21:40:11,35.222,-101.8313,90.03,32,20,5.01
377,Teguise,ES,2021-07-22 21:42:28,29.0605,-13.564,68.22,78,20,23.02
378,Portland,US,2021-07-22 21:39:49,45.5234,-122.6762,82.56,41,20,1.99
379,Meiganga,CM,2021-07-22 21:42:29,6.5167,14.3,65.05,95,100,2.71
380,Bochnia,PL,2021-07-22 21:42:29,49.9691,20.4303,65.12,83,5,3.38
381,Valenca Do Piaui,BR,2021-07-22 21:42:30,-6.4075,-41.7456,82.78,32,7,9.78
382,Roma,US,2021-07-22 21:42:30,43.2128,-75.4557,75.06,54,75,1.01
383,Sao Felix Do Xingu,BR,2021-07-22 21:42:30,-6.6447,-51.995,85.28,38,68,1.34
384,Shiogama,JP,2021-07-22 21:42:31,38.3167,141.0333,76.98,85,88,0.98
385,Kanker,IN,2021-07-22 21:42:31,20.2719,81.4931,75.36,96,100,6.85
386,Biak,ID,2021-07-22 21:42:31,-0.9131,122.8766,74.16,88,98,6.08
387,Tottori,JP,2021-07-22 21:42:32,35.5,134.2333,78.87,73,75,2.3
388,Nizhniy Kuranakh,RU,2021-07-22 21:42:32,58.8353,125.4869,64.81,89,99,1.92
389,Comodoro Rivadavia,AR,2021-07-22 21:42:33,-45.8667,-67.5,62.46,48,0,9.22
390,Hoquiam,US,2021-07-22 21:40:30,46.9809,-123.8893,79.54,51,1,13.8
391,Broome,US,2021-07-22 21:42:33,42.2506,-75.833,74.7,58,20,3.0
392,Kudahuvadhoo,MV,2021-07-22 21:42:34,2.6708,72.8944,82.2,75,96,11.54
393,Ahuimanu,US,2021-07-22 21:42:34,21.4447,-157.8378,83.91,64,75,12.66
394,Sinnamary,GF,2021-07-22 21:42:34,5.3833,-52.95,80.73,81,17,10.87
395,Saint-Augustin,CA,2021-07-22 21:42:35,51.226,-58.6502,49.98,89,100,14.74
396,Tokur,RU,2021-07-22 21:42:35,53.1333,132.9,68.52,93,71,2.53
397,Amposta,ES,2021-07-22 21:42:36,40.7131,0.581,83.88,75,0,7.0
398,Svetlogorsk,BY,2021-07-22 21:42:36,52.6333,29.7333,55.58,79,0,6.64
399,Hambantota,LK,2021-07-22 21:42:36,6.1241,81.1185,80.94,89,75,11.5
400,Tymovskoye,RU,2021-07-22 21:42:37,50.8456,142.655,70.41,97,97,2.24
401,Udayagiri,IN,2021-07-22 21:42:37,20.1333,84.3833,72.84,94,100,3.83
402,Wagar,SD,2021-07-22 21:42:38,16.1525,36.2032,77.77,72,96,18.61
403,Salalah,OM,2021-07-22 21:39:11,17.0151,54.0924,78.89,94,75,8.05
404,Bonthe,SL,2021-07-22 21:42:38,7.5264,-12.505,76.23,90,83,8.1
405,Kaliua,TZ,2021-07-22 21:42:39,-5.0606,31.7936,66.29,42,2,3.76
406,Troitsko-Pechorsk,RU,2021-07-22 21:42:39,62.7084,56.1964,54.75,45,100,3.29
407,Arlit,NE,2021-07-22 21:42:39,18.7369,7.3853,86.09,45,100,20.33
408,Touros,BR,2021-07-22 21:42:40,-5.1989,-35.4608,77.9,81,50,15.61
409,Hobyo,SO,2021-07-22 21:42:40,5.3505,48.5268,77.05,86,13,29.53
410,Dhidhdhoo,MV,2021-07-22 21:42:40,6.8833,73.1,82.62,77,100,20.45
411,Seoul,KR,2021-07-22 21:38:27,37.5683,126.9778,78.4,81,0,1.14
412,Codrington,AU,2021-07-22 21:42:41,-38.2667,141.9667,41.54,98,100,8.93
413,Kutum,SD,2021-07-22 21:42:41,14.2,24.6667,72.03,70,55,9.86
414,La Paz,BO,2021-07-22 21:39:37,-16.5,-68.15,57.18,30,40,6.91
415,Bermeo,ES,2021-07-22 21:42:42,43.4209,-2.7215,71.91,94,17,4.65
416,Bilibino,RU,2021-07-22 21:42:43,68.0546,166.4372,61.2,37,100,2.77
417,Miramar,US,2021-07-22 21:42:43,25.9873,-80.2323,93.22,68,20,7.0
418,Tilichiki,RU,2021-07-22 21:42:43,60.4667,166.1,60.93,61,99,3.13
419,Siocon,PH,2021-07-22 21:42:44,7.7061,122.1353,79.14,86,100,8.75
420,Hokitika,NZ,2021-07-22 21:42:44,-42.7167,170.9667,46.36,80,64,4.07
421,Hami,CN,2021-07-22 21:41:11,42.8,93.45,89.29,34,96,22.5
422,The Valley,AI,2021-07-22 21:42:45,18.217,-63.0578,85.86,79,20,16.11
423,Ascension,US,2021-07-22 21:42:45,30.2169,-90.9001,92.1,69,1,4.61
424,Praia Da Vitoria,PT,2021-07-22 21:42:46,38.7333,-27.0667,70.05,73,40,12.28
425,Mayo,US,2021-07-22 21:42:46,38.8876,-76.5119,85.37,48,40,3.0
426,Fernley,US,2021-07-22 21:42:46,39.608,-119.2518,99.57,11,19,3.85
427,Caratinga,BR,2021-07-22 21:42:47,-19.7897,-42.1392,60.28,57,86,3.53
428,Berezanka,UA,2021-07-22 21:42:47,46.8526,31.388,64.81,65,34,12.55
429,West Wendover,US,2021-07-22 21:42:48,40.7391,-114.0733,94.21,21,40,9.22
430,Tuatapere,NZ,2021-07-22 21:42:48,-46.1333,167.6833,40.82,81,11,5.53
431,Dumas,US,2021-07-22 21:42:48,35.8656,-101.9732,90.82,29,1,19.57
432,Zwevegem,BE,2021-07-22 21:42:49,50.783,3.3767,64.17,84,0,6.26
433,Brest,BY,2021-07-22 21:42:49,52.1,23.7,63.48,74,68,3.85
434,Manavalakurichi,IN,2021-07-22 21:42:50,8.1333,77.3,78.89,87,100,19.26
435,Kurumkan,RU,2021-07-22 21:42:50,54.3,110.3,62.33,81,4,3.09
436,Acari,PE,2021-07-22 21:42:51,-15.4311,-74.6158,68.56,67,10,5.37
437,Qui Nhon,VN,2021-07-22 21:42:51,13.7667,109.2333,83.35,69,100,13.98
438,Darhan,MN,2021-07-22 21:42:08,49.4867,105.9228,62.33,83,69,4.61
439,Manali,IN,2021-07-22 21:42:52,13.1667,80.2667,80.69,62,100,18.01
440,Mbulu,TZ,2021-07-22 21:42:52,-3.85,35.5333,53.94,83,8,7.85
441,Ilebo,CD,2021-07-22 21:42:53,-4.3167,20.5833,74.53,34,80,2.13
442,Port Hedland,AU,2021-07-22 21:42:53,-20.3167,118.5667,60.85,94,73,8.05
443,Kondinskoye,RU,2021-07-22 21:42:54,59.6481,67.41,65.68,89,45,10.16
444,Valparaiso,CL,2021-07-22 21:38:19,-33.0393,-71.6273,57.43,77,75,4.61
445,Lazaro Cardenas,MX,2021-07-22 21:42:54,17.9583,-102.2,87.67,65,42,9.24
446,Saint-Georges,GD,2021-07-22 21:38:45,12.0564,-61.7485,80.28,84,89,12.95
447,Alihe,CN,2021-07-22 21:42:55,50.5667,123.7167,70.7,96,77,3.13
448,Belyy Yar,RU,2021-07-22 21:42:55,53.6039,91.3903,60.69,88,0,4.47
449,General Roca,AR,2021-07-22 21:42:55,-39.0333,-67.5833,64.8,32,97,2.75
450,Ormara,PK,2021-07-22 21:42:56,25.2088,64.6357,83.21,86,56,4.83
451,Kijang,KR,2021-07-22 21:42:56,35.2442,129.2139,76.73,89,100,7.99
452,Ptolemais,GR,2021-07-22 21:42:57,40.5147,21.6786,71.69,54,0,3.96
453,Illapel,CL,2021-07-22 21:42:57,-31.6308,-71.1653,62.83,53,97,2.91
454,Erenhot,CN,2021-07-22 21:40:15,43.6475,111.9767,78.51,49,80,6.38
455,Nantucket,US,2021-07-22 21:40:49,41.2835,-70.0995,75.61,62,1,9.22
456,Zenzeli,RU,2021-07-22 21:42:58,45.9241,47.0474,81.25,48,100,13.87
457,San Quintin,MX,2021-07-22 21:42:58,30.4833,-115.95,75.47,69,4,10.36
458,Asyut,EG,2021-07-22 21:42:59,27.181,31.1837,89.78,29,1,10.31
459,Camacha,PT,2021-07-22 21:42:59,33.0833,-16.3333,70.56,83,40,24.16
460,Rurrenabaque,BO,2021-07-22 21:43:00,-14.4413,-67.5278,87.49,58,20,0.0
461,Yelizavetinskaya,RU,2021-07-22 21:43:00,45.0445,38.7958,70.09,91,61,5.44
462,Severobaykalsk,RU,2021-07-22 21:43:00,55.65,109.3167,52.12,93,42,0.63
463,Plettenberg Bay,ZA,2021-07-22 21:41:46,-34.0527,23.3716,48.18,83,91,4.92
464,Vanino,RU,2021-07-22 21:43:01,49.0869,140.2543,74.88,83,69,3.15
465,Takoradi,GH,2021-07-22 21:43:01,4.8845,-1.7554,75.49,84,18,8.43
466,Singaraja,ID,2021-07-22 21:43:02,-8.112,115.0882,76.93,81,10,3.85
467,Dedougou,BF,2021-07-22 21:43:03,12.4667,-3.4667,80.35,67,93,11.3
468,Kimberley,ZA,2021-07-22 21:43:03,-28.7323,24.7623,28.09,54,0,2.3
469,Thinadhoo,MV,2021-07-22 21:43:03,0.5333,72.9333,81.34,75,100,9.6
470,Port Keats,AU,2021-07-22 21:43:04,-14.25,129.55,66.63,77,60,2.66
471,Korla,CN,2021-07-22 21:43:04,41.7597,86.1469,87.39,19,94,5.53
472,Jerome,US,2021-07-22 21:43:04,42.7241,-114.5186,87.28,26,1,8.05
473,Angoche,MZ,2021-07-22 21:43:05,-16.2325,39.9086,73.56,83,90,6.4
474,Mayumba,GA,2021-07-22 21:43:06,-3.432,10.6554,71.78,84,76,5.88
475,Borshchiv,UA,2021-07-22 21:43:06,48.8033,26.0435,56.44,88,0,5.93
476,Imeni Poliny Osipenko,RU,2021-07-22 21:43:06,52.4201,136.4853,77.95,74,99,2.93
477,Gazanjyk,TM,2021-07-22 21:43:07,39.2446,55.5154,86.9,16,45,5.53
478,Worland,US,2021-07-22 21:43:07,44.0169,-107.9554,91.89,18,1,3.44
479,Sayyan,YE,2021-07-22 21:43:07,15.1718,44.3244,59.11,85,100,9.6
480,Kununurra,AU,2021-07-22 21:43:08,-15.7667,128.7333,51.78,87,38,0.0
481,Barreirinhas,BR,2021-07-22 21:43:08,-2.7469,-42.8264,78.35,78,25,8.66
482,Naze,JP,2021-07-22 21:43:08,28.3667,129.4833,77.25,90,100,27.27
483,Teeli,RU,2021-07-22 21:43:09,51.0333,90.2333,65.82,72,100,1.81
484,Aljezur,PT,2021-07-22 21:43:09,37.3191,-8.8033,62.73,93,2,10.74
485,Constantine,DZ,2021-07-22 21:43:10,36.365,6.6147,81.81,26,0,6.91
486,Madang,PG,2021-07-22 21:43:10,-5.2246,145.7966,77.09,91,96,0.94
487,Borgarnes,IS,2021-07-22 21:43:10,64.5383,-21.9206,60.8,88,99,4.41
488,Necochea,AR,2021-07-22 21:41:04,-38.5473,-58.7368,59.04,63,100,9.89
489,Seymchan,RU,2021-07-22 21:43:11,62.8833,152.4333,55.4,94,100,8.46
490,Sambava,MG,2021-07-22 21:43:11,-14.2667,50.1667,69.17,88,67,11.68
491,Hope,US,2021-07-22 21:43:12,33.6671,-93.5916,93.25,50,31,4.12
492,Saryg-Sep,RU,2021-07-22 21:43:12,51.5,95.6,61.61,69,100,3.13
493,Krasnoselkup,RU,2021-07-22 21:43:13,65.7,82.4667,56.25,85,100,7.18
494,Nabire,ID,2021-07-22 21:43:13,-3.3667,135.4833,74.68,92,97,3.4
495,Mehamn,NO,2021-07-22 21:43:14,71.0357,27.8492,44.51,82,100,24.58
496,Escada,BR,2021-07-22 21:43:14,-8.3592,-35.2236,74.14,87,5,5.93
497,Los Llanos De Aridane,ES,2021-07-22 21:43:14,28.6585,-17.9182,69.55,90,0,21.85
498,Ola,RU,2021-07-22 21:43:15,59.5833,151.2833,53.15,92,100,3.8
499,Burns Lake,CA,2021-07-22 21:43:15,54.2331,-125.7533,60.22,42,95,14.0
500,Olafsvik,IS,2021-07-22 21:43:15,64.8945,-23.7142,52.16,97,100,12.86
501,Sur,OM,2021-07-22 21:38:46,22.5667,59.5289,92.35,49,6,8.55
502,Ketchikan,US,2021-07-22 21:43:16,55.3422,-131.6461,59.47,77,90,14.97
503,Tubuala,PA,2021-07-22 21:43:16,9.5167,-79.0333,89.71,85,100,14.18
504,Ban Nahin,LA,2021-07-22 21:43:17,18.2418,104.2122,75.54,100,100,2.75
505,Florianopolis,BR,2021-07-22 21:43:17,-27.6146,-48.5012,60.03,72,0,4.61
506,Dudinka,RU,2021-07-22 21:43:17,69.4058,86.1778,50.63,82,27,6.29
507,Tura,IN,2021-07-22 21:40:20,25.5198,90.2201,74.25,96,97,6.17
508,Wiarton,CA,2021-07-22 21:43:18,44.7407,-81.1332,75.4,68,75,4.61
509,Sainte-Anne-Des-Monts,CA,2021-07-22 21:43:19,49.124,-66.4924,64.27,65,15,4.0
510,Katsuura,JP,2021-07-22 21:43:19,35.1333,140.3,81.1,78,16,3.91
511,Aleksandrov Gay,RU,2021-07-22 21:43:19,50.147,48.5704,71.24,62,100,11.5
512,Cedar City,US,2021-07-22 21:41:39,37.6775,-113.0619,83.17,60,75,9.22
513,Padang,ID,2021-07-22 21:43:20,-0.9492,100.3543,76.28,86,74,4.12
514,Bria,CF,2021-07-22 21:43:20,6.5423,21.9863,69.31,97,100,2.73
515,Katobu,ID,2021-07-22 21:43:21,-4.9408,122.5276,71.53,95,84,1.63
516,Jiangkou,CN,2021-07-22 21:43:21,25.4872,119.1986,78.69,82,18,5.44
517,Uniontown,US,2021-07-22 21:40:13,39.9001,-79.7164,81.21,33,9,5.01
518,Limbe,CM,2021-07-22 21:43:22,4.0242,9.2149,76.24,87,100,6.93
519,Lekoni,GA,2021-07-22 21:43:22,-1.5843,14.2591,83.8,39,100,12.03
520,Anzio,IT,2021-07-22 21:43:23,41.4853,12.6179,82.31,91,0,11.54
521,Mabaruma,GY,2021-07-22 21:43:23,8.2,-59.7833,77.29,96,52,3.69
522,Rio Claro,BR,2021-07-22 21:40:52,-22.4114,-47.5614,71.42,26,0,4.25
523,Verkhnyaya Inta,RU,2021-07-22 21:43:24,65.9811,60.3094,45.54,63,7,9.78
524,Coracora,PE,2021-07-22 21:43:24,-15.0333,-73.7833,59.65,31,52,6.64
525,Coxim,BR,2021-07-22 21:43:24,-18.5067,-54.76,80.22,21,0,5.19
526,Rio Grande,BR,2021-07-22 21:43:25,-32.035,-52.0986,55.94,74,79,9.31
527,Seabra,BR,2021-07-22 21:43:25,-12.4186,-41.7703,69.53,75,86,9.28
528,Abu Kamal,SY,2021-07-22 21:43:25,34.4506,40.9171,90.19,37,0,19.8
529,Ahvaz,IR,2021-07-22 21:43:26,31.3203,48.6693,102.15,19,0,9.22
530,Lar,IN,2021-07-22 21:43:26,26.2039,83.9717,86.04,76,99,6.53
531,Belmonte,BR,2021-07-22 21:43:27,-15.8631,-38.8828,73.9,75,45,10.58
532,Alta Floresta,BR,2021-07-22 21:43:28,-9.8756,-56.0861,82.17,26,1,3.15
533,Manakara,MG,2021-07-22 21:43:28,-22.1333,48.0167,64.11,93,10,5.53
534,Gezing,AT,2021-07-22 21:43:28,47.9178,13.1299,65.01,77,15,4.61
535,Sao Joao Da Barra,BR,2021-07-22 21:43:29,-21.6403,-41.0511,69.89,74,17,9.15
536,Lakes Entrance,AU,2021-07-22 21:43:29,-37.8811,147.981,46.58,67,100,5.26
537,Quatre Cocos,MU,2021-07-22 21:43:29,-20.2078,57.7625,70.09,72,49,16.04
538,Matadi,CD,2021-07-22 21:43:30,-5.8167,13.45,70.72,81,83,4.83
